date,AAPL,ABBV,ABT,ACN,ADBE,AMGN,AMZN,AVGO,BAC,BMY,BRK.B,C,CMCSA,COST,CRM,CSCO,CVX,DIS,FB,GOOG,GOOGL,HD,INTC,JNJ,JPM,KO,LLY,MA,MCD,MDT,MRK,MSFT,NEE,NFLX,NKE,NVDA,PEP,PFE,PG,PM,PYPL,T,TMO,TXN,UNH,UNP,V,VZ,WMT,XOM
2008-03-31,,,,,,,,,,,,,,,,,,,,,,,,,,,,,,,,,,,,,,,,,,,,,,,,,,
2008-06-30,1.166829268292683,,0.35578923478458224,1.160068356593563,1.108047270680923,1.128635346756152,1.0284712482468443,,0.6277044854881266,0.9643024894316582,0.8982993958379952,0.7925064730669645,0.40971576227390183,1.0810103188048665,1.1802188668790692,0.9647449191206969,1.687159400544959,0.867984693877551,,1.1934124682856109,1.193382093362179,0.8368515205724508,1.0141643059490086,0.992591449297731,0.79976717112922,0.85158430471187,0.8950126140112555,1.194876404494382,1.007532281205165,1.0697145221348778,0.9926238145416227,0.9689922480620156,1.0452661778769525,0.7531837477258946,0.8789039481437831,0.9424242424242424,0.8804604077104424,0.8366858237547893,0.8678760177117554,0.9781962338949455,,0.877742946708464,0.979602602426587,0.9943462897526502,0.7640384055862672,1.2042921470315842,1.3048475120385234,0.9706124691018952,1.0670847586469023,1.0344908769864625
2008-09-30,0.7923902439024391,,1.0462609221923818,1.0823127314155512,1.110579628587507,1.4186241610738255,1.0204768583450212,,0.9234828496042217,0.980272428370127,0.9834414857910048,0.10534599177539725,1.0149870801033594,0.9998459879870628,0.8366809807452557,0.9352965574450437,1.4032697547683926,0.8536352040816326,,0.6718013773106198,0.907280511980303,0.9252236135957067,0.8843248347497641,1.0666769563204195,1.0928987194412105,0.8678377934657692,0.8550359014166505,0.7977528089887641,1.1056312769010042,1.0351675630947454,0.8371970495258167,0.9400986610288936,0.8017213898629264,0.8922579341014756,0.9857395403653506,0.5414141414141415,0.9893218693662461,0.8793103448275863,0.9954292243965146,0.9692765113974231,,0.7387669801462905,0.9671179883945842,0.759363957597173,0.7355251672970615,1.1423370485102033,0.9818940609951847,0.8813512771216699,1.1360699353857848,0.9193643319599764
2008-12-31,0.5946829268292683,,0.9697015546393312,0.9333523212759899,0.5990433314575127,1.612695749440716,0.7197755960729314,,0.3693931398416887,1.0915922968529825,0.7165585142089954,0.3268010356907143,0.8708010335917314,0.8088710919451716,0.5520155146142126,0.6756532559104106,1.2571525885558583,0.7225765306122449,,0.6971728887277999,0.6971794013016755,0.8246869409660108,0.6926345609065157,0.9231362864639603,0.7355064027939463,0.7427351830569693,0.7814865127110421,0.6425617977528091,1.1149569583931132,0.6512205213074058,0.8003161222339304,0.6849894291754758,0.8021995537137392,0.8629472407519708,0.7513258691809076,0.4080808080808081,0.7595340452087089,0.8529693486590039,0.8830167118983001,0.8630327056491576,,0.7452978056426331,0.5997889924388957,0.5484098939929328,0.7736398021530405,0.7642193338230127,0.8419261637239167,0.9316121944520735,1.0646142151273281,0.9372572101236021
2009-03-31,0.7327317073170732,,0.8658698036842304,0.7835374537168898,0.6004501969611705,1.3889821029082774,1.0295932678821882,,0.179155672823219,1.026303428839831,0.6310136495860372,0.012793826471036203,0.29767441860465116,0.713229631911289,0.5653830170383711,0.7051016175860638,1.1416893732970028,0.5787627551020408,,0.7876948169626676,0.7876992568319862,0.8375670840787119,0.7096317280453257,0.8115449915110354,0.6179278230500581,0.7215563946806764,0.6483601785367746,0.7533483146067416,0.9775824964131992,0.6092263136119155,0.7036354056902002,0.645877378435518,0.8085750717245775,1.2397412573276732,0.6899233942251032,0.49797979797979797,0.7140479822493413,0.6522988505747127,0.6715926296243393,0.7040634291377602,,0.6564785788923718,0.6263407772111834,0.5826855123674911,0.6083794006400932,0.6556382333216235,0.8905296950240773,0.8269706124691019,0.9884074496389205,0.7991759858740435
2009-06-30,0.9931707317073171,,0.8544464197904453,0.9535744802050696,0.7965672481710748,1.2670581655480984,1.1746143057503509,,0.3467018469656992,0.9544387036167215,0.6472365182367421,0.14499670000507697,0.3170025839793281,0.7038348991221315,0.6611026457958168,0.7731231854002488,1.1292574931880108,0.7436224489795918,,0.9561435302645885,0.9561431299955644,0.8465116279069768,0.7804532577903683,0.876369810155888,0.7979045401629801,0.7875554096207519,0.672811954201436,0.7532584269662922,1.0299497847919652,0.7217625155151013,0.7363013698630136,0.8375616631430586,0.9062798852406757,1.1954720032342834,0.7632881555686506,0.5702020202020203,0.7625849396754958,0.7179118773946361,0.7296100557063275,0.864816650148662,,0.6486415882967606,0.7179532266572887,0.7526501766784452,0.7270875763747455,0.8319228435474083,0.9974317817014449,0.8431749519362812,0.919422272900038,0.8237786933490288
2009-09-30,1.2917560975609756,,0.3454249725763135,1.062375391626317,0.9290939786156445,1.6840044742729305,1.309677419354839,,0.44538258575197887,1.0558947862846406,0.7426717386439919,0.02406457836218714,0.37188630490956076,0.8690897890035422,0.2460867156115806,0.9738697635835752,1.1980585831062667,0.8750000000000001,,1.1232330554548748,1.1232292053261883,0.9531305903398927,0.923512747875354,0.9390338015125788,1.0193247962747378,0.8809719257921523,0.6409858334950513,0.9077752808988764,1.0233142037302723,0.7608605709557302,0.832982086406744,0.9094432699083863,0.8802996493465093,1.3335354760460887,0.951384796700059,0.7590909090909091,0.8136180834835667,0.7911877394636015,0.8260248535923437,0.9641228939544103,,0.7045454545454544,0.7666608053455252,0.8374558303886925,0.728251382019203,0.9302845463545492,1.1093418940609954,0.8310903597912662,0.9315849486887114,0.8067098293113595
2009-12-31,1.469268292682927,,0.9791201724855317,1.1822842495015662,1.0348902644907148,1.353747203579418,1.8866760168302952,1.0666666666666664,0.3981530343007916,1.1860028182245184,0.7357350637726562,0.16159821292582632,0.8723514211886304,0.9111350685353456,1.2767003740130214,0.9929489838241394,0.9581062670299725,1.028061224489796,,1.404494382022472,1.4044608184805338,1.0343470483005366,0.9631728045325777,0.9930544837166226,0.9701979045401627,0.9353143982925628,0.6922181253638656,1.1479101123595505,1.119081779053084,0.909391808026479,0.9615384615384616,1.0743481324876676,0.8415683774306661,1.5922781483727515,0.9733647613435477,0.9434343434343435,0.8427402579392594,0.8716475095785441,0.8655906299100126,0.9542120911793855,,0.7324973876698012,0.8377000175839638,0.9201413427561838,0.8862379982542918,1.0193849200012775,1.4019261637239169,0.9101895083768197,1.0153933865450397,0.8018834608593289
2010-03-31,1.6370731707317077,,0.9557060180807202,1.1942466533751066,0.9963421496904896,1.6711409395973151,1.904488078541375,1.2023391812865496,0.46992084432717673,1.2550493189290746,0.9092638174088163,0.19774584962176986,0.97312661498708,0.9202217772986293,1.2898600914254055,1.0800497718788884,1.2917234332425065,0.9971301020408163,,1.2844327654947445,1.2843998080979064,1.1577817531305903,1.051463644948064,1.0064824818644846,1.0426076833527353,0.903135774092924,0.7028915195032018,1.1412134831460674,1.1963773314203723,0.9317335539925526,0.9834035827186511,1.0310077519379848,0.7703219636595473,2.129775621588842,1.082969946965233,0.8782828282828284,0.9177645264179727,0.8218390804597702,0.9040137123268102,1.0340931615460853,,0.6752873563218389,0.9039915596975562,0.8643109540636043,0.950538260110562,1.1707597483473315,1.4615088282504016,0.8522383960450427,1.056822500950209,0.7884638022366097
2010-06-30,1.752878048780488,,0.8484699474221734,1.0999715180860152,0.7439504783342714,1.2589485458612975,1.5323983169705475,1.2321637426900585,0.3788918205804749,1.1709722874589008,0.8911389572611323,0.18358125602883693,0.8976744186046511,0.8442938549206839,1.4853165258346035,0.8838656159270012,1.1549727520435964,1.0035076530612246,,1.007837984777093,1.0078344934961485,1.0028622540250447,0.9178470254957506,0.9114060811853676,0.8521536670547144,0.8223608602856675,0.6504948573646419,0.8973033707865169,1.181133428981348,0.7505171700455109,0.9204425711275026,0.8104298801973222,0.7771756455211984,3.1378613300990503,0.994401885680613,0.5156565656565658,0.8446817362363056,0.6829501915708813,0.8555920582773887,0.9082259663032707,,0.6308777429467082,0.8619658871109552,0.8222614840989398,0.8257201047425083,1.1091240060038958,1.1363081861958269,0.7695687997802803,0.9131508931965032,0.6706062389640964
2010-09-30,1.977365853658537,,0.9471952188221054,1.2113358017658786,0.7357906584130558,1.3187919463087245,2.202664796633942,1.316374269005848,0.34591029023746694,1.2738374823860967,0.9250391586484673,0.19089201401228617,0.9343669250645994,0.9930694594178348,1.9357251696910933,0.9083367897138116,1.0372956403269753,0.9451530612244899,,1.1910565422254438,1.1910738370461562,1.1338103756708406,0.9079320113314446,0.9560117302052781,0.886146682188591,0.9607617796749304,0.7083252474286822,1.0075955056179775,1.3360832137733134,0.6940422010757135,0.9691780821917809,0.8625792811839326,0.8664328976729357,4.682838083687083,1.1809074837949325,0.5904040404040405,0.9212314519484123,0.8223180076628355,0.8563062419654333,1.1104063429137763,,0.7473876698014627,0.8420960084403027,0.9593639575971731,1.021530404422462,1.3052086992622867,1.1905617977528091,0.8953309530348807,1.0171056632459141,0.7273690406121246
2010-12-31,2.2469756097560984,,0.8700684646518138,1.380803189974366,0.8660664040517728,1.3140380313199105,2.5234221598877986,1.660233918128655,0.35224274406332445,1.2437764208548614,0.8957261132244351,0.23094887546326856,0.49674418604651166,1.1122747574310798,0.5717550907327886,0.839070924927416,1.1779632152588555,1.196747448979592,,1.3451431678144252,1.3451114752020856,1.2543828264758496,0.993862134088763,0.9549313165611972,0.9878928987194407,1.0802823838450173,0.6797981758199106,1.007820224719101,1.3766140602582488,0.7676872155564748,0.9502107481559537,0.9834390415785766,0.8286579534587184,5.0737820901556505,1.2592810842663527,0.7787878787878789,0.9061156566356956,0.839080459770115,0.9192972432509638,1.1609514370664027,,0.7675026123301982,0.9736240548619661,1.148763250883392,1.0509164969450107,1.4797368505093724,1.1302086677367575,0.9832463608898655,1.025655644241733,0.861447910535609
2011-03-31,2.429121951219513,,0.8905700344214548,1.563941896895471,0.933314575126618,1.49496644295302,2.526507713884994,1.8187134502923976,0.3519788918205804,1.2414279004227335,0.935667934660998,0.21581966796974164,1.2785529715762274,1.1292160788541508,2.3138938911206544,0.7117378681045209,1.8303814713896456,1.2439413265306123,,1.327972091337441,1.3279398586079858,1.3259391771019677,0.9523135033050047,0.9148016669239076,1.073806752037252,1.0893120998194057,0.6823209780710264,1.1313258426966288,1.364777618364418,0.8136119155978483,0.8695995785036882,0.89323467230444,0.8785463818935287,6.855467960380029,1.1149086623453157,0.931818181818182,0.89266398557759,0.9736829501915709,0.8801599771461216,1.3004955401387515,,0.7998955067920582,0.9771408475470374,1.2215547703180212,1.3151003782368351,1.5702743269568544,1.1818940609951847,1.0590497116176878,0.9893576586849105,0.9909358446144788
2011-06-30,2.3386829268292693,,0.95445776752279,1.7205924238108798,0.8849184018007878,1.396532438478747,2.8695652173913055,2.2222222222222223,0.28891820580474925,1.3597933302019725,0.8658536585365855,0.020333045641468258,1.309560723514212,1.251193593100262,0.6448261532068154,0.6470344255495645,1.3479223433242506,1.2445790816326532,,1.1470188474084813,1.1470132973667775,1.295169946332737,1.0457979225684608,1.0259299274579405,0.9527357392316643,1.1045805286488262,0.7281195420143606,1.353258426966292,1.5116571018651355,0.7964418700868843,0.929172813487882,0.915433403805497,0.9156837743066625,7.586213866990096,1.325162050677667,0.8050505050505052,0.9761475523505756,0.9861111111111112,0.9075846307670329,1.3230921704658078,,0.8202716823406474,1.1318797256901711,1.1590106007067138,1.5013092813500153,1.6665602146073513,1.3526805778491173,1.0219719857182097,1.0093120486507028,0.9572689817539725
2011-09-30,2.6564390243902447,,0.9283201573552217,1.5007120478496152,0.6800787844682049,1.3224272930648768,3.0314165497896224,1.9163742690058483,0.16145118733509228,1.4734617191169561,0.7948086820317746,0.01300197999695386,0.4793798449612404,1.2644386262128446,0.4947361130350464,0.6424720033181253,1.2232629427792914,0.8708545918367347,,1.1652319681043857,1.1652032623355935,1.17567084078712,1.0074598677998112,0.9831764161135973,0.7012805587892896,1.1098341815793793,0.7172520861634,1.4247191011235953,1.5749641319942602,0.6872155564749687,0.8616965226554268,0.8773255813953489,0.8610137073637233,3.2706690923792197,1.25957572186211,0.630808080808081,0.8579947302731937,0.8467432950191571,0.9027281816883298,1.2358771060455898,,0.7452978056426329,0.890451907860032,0.941696113074205,1.3407041024148973,1.3048893430843416,1.3754735152487962,1.010985992859105,0.9861269479285439,0.856150676868746
2011-12-31,2.6564390243902447,,0.9283201573552217,1.5007120478496152,0.6800787844682049,1.3224272930648768,3.0314165497896224,1.9163742690058483,0.16145118733509228,1.4734617191169561,0.7948086820317746,0.01300197999695386,0.4793798449612404,1.2644386262128446,0.4947361130350464,0.6424720033181253,1.2232629427792914,0.8708545918367347,,1.1652319681043857,1.1652032623355935,1.17567084078712,1.0074598677998112,0.9831764161135973,0.7012805587892896,1.1098341815793793,0.7172520861634,1.4247191011235953,1.5749641319942602,0.6872155564749687,0.8616965226554268,0.8773255813953489,0.8610137073637233,3.2706690923792197,1.25957572186211,0.630808080808081,0.8579947302731937,0.8467432950191571,0.9027281816883298,1.2358771060455898,,0.7452978056426329,0.890451907860032,0.941696113074205,1.3407041024148973,1.3048893430843416,1.3754735152487962,1.010985992859105,0.9861269479285439,0.856150676868746
2012-03-31,2.6564390243902447,,0.9283201573552217,1.5007120478496152,0.6800787844682049,1.3224272930648768,3.0314165497896224,1.9163742690058483,0.16145118733509228,1.4734617191169561,0.7948086820317746,0.01300197999695386,0.4793798449612404,1.2644386262128446,0.4947361130350464,0.6424720033181253,1.2232629427792914,0.8708545918367347,,1.1652319681043857,1.1652032623355935,1.17567084078712,1.0074598677998112,0.9831764161135973,0.7012805587892896,1.1098341815793793,0.7172520861634,1.4247191011235953,1.5749641319942602,0.6872155564749687,0.8616965226554268,0.8773255813953489,0.8610137073637233,3.2706690923792197,1.25957572186211,0.630808080808081,0.8579947302731937,0.8467432950191571,0.9027281816883298,1.2358771060455898,,0.7452978056426329,0.890451907860032,0.941696113074205,1.3407041024148973,1.3048893430843416,1.3754735152487962,1.010985992859105,0.9861269479285439,0.856150676868746
2012-06-30,2.6564390243902447,,0.9283201573552217,1.5007120478496152,0.6800787844682049,1.3224272930648768,3.0314165497896224,1.9163742690058483,0.16145118733509228,1.4734617191169561,0.7948086820317746,0.01300197999695386,0.4793798449612404,1.2644386262128446,0.4947361130350464,0.6424720033181253,1.2232629427792914,0.8708545918367347,,1.1652319681043857,1.1652032623355935,1.17567084078712,1.0074598677998112,0.9831764161135973,0.7012805587892896,1.1098341815793793,0.7172520861634,1.4247191011235953,1.5749641319942602,0.6872155564749687,0.8616965226554268,0.8773255813953489,0.8610137073637233,3.2706690923792197,1.25957572186211,0.630808080808081,0.8579947302731937,0.8467432950191571,0.9027281816883298,1.2358771060455898,,0.7452978056426329,0.890451907860032,0.941696113074205,1.3407041024148973,1.3048893430843416,1.3754735152487962,1.010985992859105,0.9861269479285439,0.856150676868746
2012-09-30,2.6564390243902447,,0.9283201573552217,1.5007120478496152,0.6800787844682049,1.3224272930648768,3.0314165497896224,1.9163742690058483,0.16145118733509228,1.4734617191169561,0.7948086820317746,0.01300197999695386,0.4793798449612404,1.2644386262128446,0.4947361130350464,0.6424720033181253,1.2232629427792914,0.8708545918367347,,1.1652319681043857,1.1652032623355935,1.17567084078712,1.0074598677998112,0.9831764161135973,0.7012805587892896,1.1098341815793793,0.7172520861634,1.4247191011235953,1.5749641319942602,0.6872155564749687,0.8616965226554268,0.8773255813953489,0.8610137073637233,3.2706690923792197,1.25957572186211,0.630808080808081,0.8579947302731937,0.8467432950191571,0.9027281816883298,1.2358771060455898,,0.7452978056426329,0.890451907860032,0.941696113074205,1.3407041024148973,1.3048893430843416,1.3754735152487962,1.010985992859105,0.9861269479285439,0.856150676868746
2012-12-31,0.5301951219512199,,0.5107236070658546,1.8940472799772143,1.0599324704558246,2.1244407158836687,3.524123422159889,1.8526315789473684,0.3063324538258574,1.53217472992015,1.0038039829939585,0.019353200995075405,1.9322997416020677,1.522254735869398,0.7274553262224686,0.8154292824554127,1.8431539509536783,1.4840561224489797,,1.6071040231968106,1.6070895150851339,2.2135957066189627,0.9745042492917848,1.082111436950146,1.0242142025611172,1.1909374486947957,0.9573064234426547,2.210202247191011,1.5826757532281195,0.8485726106743895,1.0787671232876712,0.9415081042988019,1.1028052279247686,2.6771780877299376,1.5203299941072486,0.6212121212121215,0.9491055332131466,1.2021072796934866,0.9701471218397366,1.6582755203171458,,0.8811389759665618,1.121856866537718,1.0938162544169612,1.5781204538842022,2.0084310030977544,2.4324237560192614,1.1881351277121672,1.2974154313949064,1.019540906415538
2013-03-31,0.5301951219512199,,0.5107236070658546,1.8940472799772143,1.0599324704558246,2.1244407158836687,3.524123422159889,1.8526315789473684,0.3063324538258574,1.53217472992015,1.0038039829939585,0.019353200995075405,1.9322997416020677,1.522254735869398,0.7274553262224686,0.8154292824554127,1.8431539509536783,1.4840561224489797,1.0,1.6071040231968106,1.6070895150851339,2.2135957066189627,0.9745042492917848,1.082111436950146,1.0242142025611172,1.1909374486947957,0.9573064234426547,2.210202247191011,1.5826757532281195,0.8485726106743895,1.0787671232876712,0.9415081042988019,1.1028052279247686,2.6771780877299376,1.5203299941072486,0.6212121212121215,0.9491055332131466,1.2021072796934866,0.9701471218397366,1.6582755203171458,,0.8811389759665618,1.121856866537718,1.0938162544169612,1.5781204538842022,2.0084310030977544,2.4324237560192614,1.1881351277121672,1.2974154313949064,1.019540906415538
2013-06-30,0.5301951219512199,,0.5107236070658546,1.8940472799772143,1.0599324704558246,2.1244407158836687,3.524123422159889,1.8526315789473684,0.3063324538258574,1.53217472992015,1.0038039829939585,0.019353200995075405,1.9322997416020677,1.522254735869398,0.7274553262224686,0.8154292824554127,1.8431539509536783,1.4840561224489797,1.0,1.6071040231968106,1.6070895150851339,2.2135957066189627,0.9745042492917848,1.082111436950146,1.0242142025611172,1.1909374486947957,0.9573064234426547,2.210202247191011,1.5826757532281195,0.8485726106743895,1.0787671232876712,0.9415081042988019,1.1028052279247686,2.6771780877299376,1.5203299941072486,0.6212121212121215,0.9491055332131466,1.2021072796934866,0.9701471218397366,1.6582755203171458,,0.8811389759665618,1.121856866537718,1.0938162544169612,1.5781204538842022,2.0084310030977544,2.4324237560192614,1.1881351277121672,1.2974154313949064,1.019540906415538
2013-09-30,3.322292682926831,,1.2554374550818925,2.097408145827399,1.4617332583005067,2.7978187919463084,4.3848527349228625,2.5210526315789474,0.36437994722955136,2.172851103804603,1.2699709107182817,0.024623039041478414,2.333333333333334,1.77344832896966,3.5967585538163185,0.9717959352965575,2.0682901907356945,2.0573979591836737,1.8869695831768682,1.9844146429865894,1.9843898509137983,2.714132379248659,1.0821529745042493,1.3380151257910164,1.203492433061699,1.2441306846166476,0.9769066563167087,3.0247191011235954,1.7257890961262543,1.101572196938353,1.2542149631190724,1.1737138830162086,1.2776538093720111,8.927835051546392,2.1411314083677087,0.7858585858585863,1.10275967272223,1.375478927203065,1.0799885730609906,1.7165510406342916,,0.8840125391849528,1.6208897485493237,1.4236749116607776,2.0823421588594715,2.48091846836777,3.0695345104333867,1.2815160670145567,1.405549220828582,1.0129487934078865
2013-12-31,0.5585853658536587,1.191304347826087,1.4502401936679652,2.342067786955283,1.68458075407991,2.863814317673378,5.590883590462835,3.0935672514619883,0.41081794195250654,2.496477219351808,1.32647124636384,0.026450728537340727,1.2485788113695095,1.8328969659633458,3.8225515999445907,0.9303193695562008,2.1275544959128063,2.3054846938775513,2.05257228689448,2.537105835447626,2.537067880839662,2.945974955277282,1.2256846081208685,1.413644080876678,1.3613504074505232,1.356099162699064,0.9899087909955364,3.7548764044943823,1.7401362984218067,1.1874224244931728,1.3190200210748155,1.3188865398167724,1.364839018170226,10.63149383464726,2.3179139658220396,0.8085858585858591,1.1501872139786438,1.4664750957854407,1.16283388087416,1.7268582755203175,,0.9182340647857886,1.9579743274133994,1.551236749116608,2.190864125691011,2.6824322166512307,3.573996789727126,1.349354572919528,1.4954389965792474,1.1914067098293106
2014-03-31,0.5341463414634148,1.168642951251647,1.4570488330748572,2.270578182853887,1.8498874507597078,3.4496644295302015,4.719775596072933,3.764912280701754,0.45408970976253293,2.439643024894316,1.3979637502797047,0.024161039752246552,2.5850129198966423,1.7200061604805181,3.953456157362516,0.9294898382413936,1.705551771117166,2.416135204081633,2.2621104018024787,2.524691917361363,2.52465308265368,2.8314847942754926,1.2186024551463641,1.5161290322580638,1.4137369033760179,1.269413889344935,1.1422472346206092,3.3568539325842695,1.758428981348636,1.2732726520479927,1.496048472075869,1.4446793516560958,1.5242269684411853,10.155447746108754,2.176193282262817,0.9050505050505055,1.1580918041880461,1.5383141762452106,1.151264105127838,1.6227948463825574,,0.916144200626959,2.1144716018990684,1.6660777385159014,2.3858015711376215,2.996838373838341,3.4624719101123596,1.3062345509475424,1.4524895477004942,1.1498528546203644
2014-06-30,4.534634146341465,1.4862977602108036,1.546317660854106,2.3019082882369686,2.0360157568936414,3.0030760626398214,4.555259467040675,4.214619883040935,0.40554089709762525,2.2780648191639266,1.4159767285746252,0.02307457988526173,1.3007751937984502,1.7739103650084713,4.022025211248096,1.030692658647864,2.2224455040871933,2.7337372448979598,2.526849417949681,2.6063338166002175,2.647298434911698,2.8962432915921292,1.4589235127478748,1.614137984256829,1.3407450523864952,1.3899195534395008,1.2066757228798757,3.301573033707865,1.8066714490674307,1.3191973520893665,1.5237091675447838,1.4693446088794926,1.6330889384762508,12.726298766929455,2.2843252799057163,0.9358585858585864,1.2386631535154624,1.420977011494253,1.1222682473932286,1.6705649157581768,,0.9234587251828629,2.0749076841920173,1.6890459363957597,2.378236834448648,3.185897231181937,3.3818940609951844,1.3430376270255429,1.4258836944127709,1.184461447910535
2014-09-30,4.914634146341466,1.522266139657444,1.5735522184816735,2.316718883508971,1.9476646032639284,3.5805369127516777,4.522300140252455,5.087134502923976,0.450131926121372,2.4039455143259745,1.5460953233385544,0.025389653246687325,1.308527131782946,1.9300785461265983,3.9846239091286884,1.0443799253421815,1.7408038147138962,2.8389668367346945,2.9680811115283516,2.6163011960855385,2.6636825287626844,3.2833631484794275,1.6451841359773365,1.645624324741472,1.4027939464493588,1.4014119192250862,1.2589753541626236,3.324943820224719,1.7001434720229545,1.2815473727761684,1.5619072708113801,1.6335447498238194,1.4963340771437676,13.028906407923996,2.6281673541543906,0.9320707070707075,1.291221744556927,1.4166666666666667,1.1961148407370366,1.655104063429138,,0.9208463949843257,2.1401441885000883,1.6851590106007068,2.5094559208612175,3.4627790374604794,3.4255537720706255,1.3729744575666032,1.4536297985556823,1.1074749852854615
2014-12-31,5.3848780487804895,1.5238471673254281,1.7029163672126189,2.5437197379663905,2.046145188519978,4.457494407158837,4.347966339410941,5.887719298245615,0.4720316622691293,2.7721935180836077,1.6804654285074958,0.026516728435802415,2.9974160206718357,2.183120283382104,4.106524449369719,1.1534632932393194,1.9107629427792912,3.0028698979591844,2.929778445362373,2.384967379485321,2.4017180668579656,3.7549194991055455,1.7136449480642109,1.6139836394505318,1.4575087310826536,1.3866360203579051,1.3388317484960215,3.873258426966292,1.6805954088952644,1.4935870914356635,1.496311907270811,1.6370683579985903,1.6938157475294864,9.86517081059228,2.8317619328226287,1.0126262626262632,1.3113299126334768,1.4918582375478928,1.3013855163548056,1.614667988107037,,0.87748171368861,2.203622296465624,1.8890459363957601,2.941227814954904,3.8044901478619098,4.208667736757623,1.2843477066739912,1.6322690992018245,1.088168334314302
2015-03-31,6.0707317073170755,1.542026350461133,1.7532246472746529,2.6684705212190245,2.080754079909961,4.112136465324386,5.218934081346425,7.42514619883041,0.4060686015831135,3.02959135744481,1.618706645782054,0.02525257653449765,1.3855297157622743,2.333744032034499,4.629450062335503,1.1416424720033178,1.5609673024523156,3.3459789540816334,3.087495306045813,2.482828923523016,2.5105681931331643,4.064758497316637,1.4763928234183183,1.5527087513505164,1.4116414435389981,1.3314726645870958,1.4100523966621386,3.8849438202247186,1.7482065997130551,1.6133636739760024,1.5144889357218123,1.4323467230443971,1.6585910105196044,12.0329492621791,2.956393635827932,1.0570707070707077,1.3267230619886288,1.6666666666666667,1.1706899014426502,1.492666005946482,,0.8531870428422149,2.3617021276595747,2.020848056537103,3.443409950538262,3.4570306262574646,4.20481540930979,1.3361713814886027,1.563283922462942,0.9998822836962915
2015-06-30,6.118048780487807,1.7699604743083002,1.8564890116125123,2.7564796354314995,2.2802476083286445,3.9686800894854586,6.090322580645163,7.776608187134503,0.4490765171503957,3.1235321747299207,1.5236070709330947,0.0271005736914251,3.1088372093023273,2.0808563067919303,4.823382739991688,1.1393612608875983,1.6425408719346044,3.6383928571428577,3.220428088621855,2.3593240304458143,2.4451223375847495,3.9745974955277283,1.4362606232294612,1.5036271029479853,1.5777648428405113,1.2874733212937122,1.6196390452163787,4.200898876404493,1.7048063127690092,1.5324782788580877,1.4992096944151736,1.5556730091613808,1.562639464456487,18.983222154841318,3.1823806717737186,1.016161616161617,1.2944113160449315,1.60536398467433,1.116983288101699,1.5885034687809714,,0.9276384535005222,2.2813434148056975,1.820141342756184,3.5478615071283115,3.045061156708076,4.31011235955056,1.2804174677286466,1.3477765108323831,0.9790464979399642
2015-09-30,5.380000000000002,1.296706192358366,1.5217309074403296,2.796354315009967,2.312605514912775,3.5925615212527964,7.177419354838711,7.30701754385965,0.41081794195250654,2.779708783466417,1.4526739762810472,0.02518155048992233,2.9374677002583995,2.226551671030341,4.807452555755644,1.0883450850269596,1.343153950953678,3.259247448979592,3.37551633496057,2.7503171438927154,2.8826500592905053,4.128085867620752,1.4225684608120863,1.4406544219786999,1.4190919674039575,1.317353472336234,1.6241024645837379,4.048539325842696,1.7670373027259674,1.3845676458419525,1.3003161222339303,1.5577871740662437,1.554191903092126,20.871235091974935,3.6225692398350033,1.2444444444444454,1.306892247954514,1.5043103448275865,1.0261391229824304,1.5722497522299306,,0.8505773249738765,2.1496395287497805,1.749116607773852,3.3750363689263914,2.8227892568581736,4.453932584269662,1.1941774237846752,1.2320410490307867,0.8741612713360797
2015-12-31,5.133165853658538,1.560474308300395,1.6987555320195178,2.9769296496724555,2.6423747889701756,4.2374161073825505,9.485834502103788,8.488304093567253,0.44432717678100253,3.2310944105213726,1.4762810472141417,0.025435345484083875,1.396382428940569,2.487448020945634,5.428037124255437,1.126296142679386,1.3847070844686644,3.3502869897959187,3.9297784453623725,3.4392442914099326,3.5212223801290814,4.731305903398927,1.626062322946175,1.5849668158666455,1.5371362048894055,1.410277458545395,1.6347758587230743,4.378876404494382,2.1187230989956944,1.5908150599917248,1.3912012644889356,1.9538407329105003,1.6554032515141852,23.12310491206792,3.683559222156748,1.664646464646466,1.3852447649424493,1.5459770114942533,1.1339808598771595,1.742319127849356,1.1666129552046407,0.8986415882967604,2.494109372252506,1.9367491166077746,3.4230433517602585,2.4973653115319516,4.979133226324236,1.269431474869542,1.1649562903838844,0.9174808711006469
2016-03-31,5.3151219512195125,1.5043478260869563,1.5822521466127015,3.288806607804042,2.6392796848621285,3.9409955257270695,8.326227208976158,9.035087719298247,0.35646437994722946,2.9995302959135755,1.5872678451555158,0.020546276082652182,1.5183462532299747,2.42692129986139,5.110818672946391,1.1808378266279551,1.4870572207084463,3.0720663265306127,4.284641381900111,3.3750906125407774,3.4529251491314623,4.774597495527727,1.5273843248347494,1.6696249421206968,1.3788125727590215,1.5229026432441308,1.3972443236949355,4.2458426966292135,2.257173601147775,1.5510964004964827,1.3938356164383556,1.946088794926004,1.8860376155562637,20.667070952092175,3.6216853270477323,1.7989898989899002,1.4214394674802389,1.4195402298850577,1.175689187258962,1.9446977205153617,1.2439574605220756,1.0232497387669799,2.4890100228591527,2.0289752650176687,3.750072737852781,2.540159039376617,4.9117174959871575,1.485031584729471,1.3017863930064615,0.9842260153031188
2016-06-30,4.66390243902439,1.6310935441370222,1.4865529371713884,3.2267160353175712,2.695554305008443,4.255872483221476,10.039410939691445,9.087719298245615,0.3499999999999999,3.454673555659935,1.6198254643096888,0.02088135249022694,1.6273901808785534,2.4187586631757285,5.500761878376506,1.1899626710908338,1.7849114441416887,3.0258290816326534,4.291400675929402,3.1362359550561814,3.18417169806197,4.569230769230769,1.5486307837582618,1.8723568451921584,1.4474970896391146,1.4884255458873747,1.5282359790413356,3.96,2.1579985652797693,1.7949937939594531,1.5181770284510006,1.803030303030303,2.078259483583041,18.49403678997372,3.253388332351209,2.374242424242426,1.4692830398003054,1.6863026819923375,1.2089701471218388,2.0166501486620416,1.1769255559136322,1.1287878787878785,2.5982064357306136,2.2134275618374564,4.107361070701195,2.7867020087503596,4.763402889245584,1.5341939027739644,1.387875332573166,1.1034726309593872
2016-09-30,5.513658536585366,1.6616600790513836,1.5992737451299315,3.4790657932213027,3.0540236353404637,4.43903803131991,11.74319775596073,10.08830409356725,0.413060686015831,2.532644434006577,1.61568583575744,0.023348733309641066,1.6630490956072357,2.3488372093023258,4.9397423465853985,1.3156366652841145,1.6382833787465934,2.8931760204081636,4.816748028539241,3.5203425154041335,3.63894345224625,4.604293381037567,1.7818696883852687,1.82312085198333,1.550407450523864,1.3895912001313413,1.5569571123617314,4.57123595505618,2.0686872309899558,1.7873396772858912,1.6435721812434136,2.029245947850599,1.948995855913293,19.92318576915302,3.1031231585150274,3.460101010101013,1.508389959783664,1.6216475095785443,1.2789601485502062,1.9260654112983153,1.3204962939091205,1.0608672936259138,2.7967293828028836,2.479505300353358,4.073756182717489,3.114361447322198,5.309791332263241,1.4273551222191718,1.370391486126948,1.0275456150676863
2016-12-31,5.513658536585366,1.6616600790513836,1.5992737451299315,3.4790657932213027,3.0540236353404637,4.43903803131991,11.74319775596073,10.08830409356725,0.413060686015831,2.532644434006577,1.61568583575744,0.023348733309641066,1.6630490956072357,2.3488372093023258,4.9397423465853985,1.3156366652841145,1.6382833787465934,2.8931760204081636,4.816748028539241,3.5203425154041335,3.63894345224625,4.604293381037567,1.7818696883852687,1.82312085198333,1.550407450523864,1.3895912001313413,1.5569571123617314,4.57123595505618,2.0686872309899558,1.7873396772858912,1.6435721812434136,2.029245947850599,1.948995855913293,19.92318576915302,3.1031231585150274,3.460101010101013,1.508389959783664,1.6216475095785443,1.2789601485502062,1.9260654112983153,1.3204962939091205,1.0608672936259138,2.7967293828028836,2.479505300353358,4.073756182717489,3.114361447322198,5.309791332263241,1.4273551222191718,1.370391486126948,1.0275456150676863
2017-03-31,7.008292682926828,1.7173913043478262,1.6802209025229793,3.414411848476216,3.661789532920655,4.589205816554809,12.434081346423564,12.804093567251462,0.6224274406332452,2.5542508219821523,1.8638397851868427,0.030370107122912125,3.8005167958656343,2.5827814569536423,5.714087823798309,1.4019079220240562,1.827997275204359,3.615114795918368,5.334209538114908,3.7586081913736877,3.837136675929865,5.252593917710197,1.7030217186024548,1.9219015280135816,2.0452852153667043,1.3932030865210967,1.6322530564719582,5.055280898876405,2.324426111908177,1.6665928837401733,1.6737355110642775,2.3210007047216346,2.0462225055785783,29.88073579947442,3.2834413671184453,5.5015151515151555,1.5511718208292888,1.637931034482759,1.2833880874160826,2.238057482656095,1.386400257815018,1.0854231974921624,2.700369263231932,2.8466431095406373,4.772185045097473,3.3830996710631367,5.706581059390046,1.3389178797033794,1.3696313188901557,0.9652736904061207
2017-06-30,7.025853658536585,1.9101449275362319,1.8387108976056283,3.5234975790373095,3.979459763646598,4.679809843400446,13.576437587657788,13.62982456140351,0.6401055408970974,2.617191169563176,1.8957261132244347,0.03395948621617506,4.023772609819122,2.4632681349145233,5.995982823105692,1.2982165076731647,1.7106607629427786,3.311543367346939,5.669921141569658,4.117116708952521,4.207408144976601,5.488729874776386,1.5930122757318221,2.0422904769254506,2.128288707799766,1.4728287637497948,1.5971278866679606,5.458426966292135,2.7469512195121935,1.8359536615639218,1.688487881981032,2.429175475687103,2.233503347146956,30.202142712755194,3.4761343547436665,7.301515151515155,1.601719595063098,1.6087164750957856,1.2448221682616762,2.3282457879088203,1.7296165001611348,0.9858934169278993,3.0684016177246347,2.717667844522969,5.3939482106488255,3.4768307092900717,6.0224719101123565,1.226860752540512,1.4381413911060432,0.9502060035314885
2017-09-30,7.025853658536585,1.9101449275362319,1.8387108976056283,3.5234975790373095,3.979459763646598,4.679809843400446,13.576437587657788,13.62982456140351,0.6401055408970974,2.617191169563176,1.8957261132244347,0.03395948621617506,4.023772609819122,2.4632681349145233,5.995982823105692,1.2982165076731647,1.7106607629427786,3.311543367346939,5.669921141569658,4.117116708952521,4.207408144976601,5.488729874776386,1.5930122757318221,2.0422904769254506,2.128288707799766,1.4728287637497948,1.5971278866679606,5.458426966292135,2.7469512195121935,1.8359536615639218,1.688487881981032,2.429175475687103,2.233503347146956,30.202142712755194,3.4761343547436665,7.301515151515155,1.601719595063098,1.6087164750957856,1.2448221682616762,2.3282457879088203,1.7296165001611348,0.9858934169278993,3.0684016177246347,2.717667844522969,5.3939482106488255,3.4768307092900717,6.0224719101123565,1.226860752540512,1.4381413911060432,0.9502060035314885
2017-12-31,7.025853658536585,1.9101449275362319,1.8387108976056283,3.5234975790373095,3.979459763646598,4.679809843400446,13.576437587657788,13.62982456140351,0.6401055408970974,2.617191169563176,1.8957261132244347,0.03395948621617506,4.023772609819122,2.4632681349145233,5.995982823105692,1.2982165076731647,1.7106607629427786,3.311543367346939,5.669921141569658,4.117116708952521,4.207408144976601,5.488729874776386,1.5930122757318221,2.0422904769254506,2.128288707799766,1.4728287637497948,1.5971278866679606,5.458426966292135,2.7469512195121935,1.8359536615639218,1.688487881981032,2.429175475687103,2.233503347146956,30.202142712755194,3.4761343547436665,7.301515151515155,1.601719595063098,1.6087164750957856,1.2448221682616762,2.3282457879088203,1.7296165001611348,0.9858934169278993,3.0684016177246347,2.717667844522969,5.3939482106488255,3.4768307092900717,6.0224719101123565,1.226860752540512,1.4381413911060432,0.9502060035314885
2018-03-31,7.025853658536585,1.9101449275362319,1.8387108976056283,3.5234975790373095,3.979459763646598,4.679809843400446,13.576437587657788,13.62982456140351,0.6401055408970974,2.617191169563176,1.8957261132244347,0.03395948621617506,4.023772609819122,2.4632681349145233,5.995982823105692,1.2982165076731647,1.7106607629427786,3.311543367346939,5.669921141569658,4.117116708952521,4.207408144976601,5.488729874776386,1.5930122757318221,2.0422904769254506,2.128288707799766,1.4728287637497948,1.5971278866679606,5.458426966292135,2.7469512195121935,1.8359536615639218,1.688487881981032,2.429175475687103,2.233503347146956,30.202142712755194,3.4761343547436665,7.301515151515155,1.601719595063098,1.6087164750957856,1.2448221682616762,2.3282457879088203,1.7296165001611348,0.9858934169278993,3.0684016177246347,2.717667844522969,5.3939482106488255,3.4768307092900717,6.0224719101123565,1.226860752540512,1.4381413911060432,0.9502060035314885
2018-06-30,7.025853658536585,1.9101449275362319,1.8387108976056283,3.5234975790373095,3.979459763646598,4.679809843400446,13.576437587657788,13.62982456140351,0.6401055408970974,2.617191169563176,1.8957261132244347,0.03395948621617506,4.023772609819122,2.4632681349145233,5.995982823105692,1.2982165076731647,1.7106607629427786,3.311543367346939,5.669921141569658,4.117116708952521,4.207408144976601,5.488729874776386,1.5930122757318221,2.0422904769254506,2.128288707799766,1.4728287637497948,1.5971278866679606,5.458426966292135,2.7469512195121935,1.8359536615639218,1.688487881981032,2.429175475687103,2.233503347146956,30.202142712755194,3.4761343547436665,7.301515151515155,1.601719595063098,1.6087164750957856,1.2448221682616762,2.3282457879088203,1.7296165001611348,0.9858934169278993,3.0684016177246347,2.717667844522969,5.3939482106488255,3.4768307092900717,6.0224719101123565,1.226860752540512,1.4381413911060432,0.9502060035314885
2018-09-30,7.025853658536585,1.9101449275362319,1.8387108976056283,3.5234975790373095,3.979459763646598,4.679809843400446,13.576437587657788,13.62982456140351,0.6401055408970974,2.617191169563176,1.8957261132244347,0.03395948621617506,4.023772609819122,2.4632681349145233,5.995982823105692,1.2982165076731647,1.7106607629427786,3.311543367346939,5.669921141569658,4.117116708952521,4.207408144976601,5.488729874776386,1.5930122757318221,2.0422904769254506,2.128288707799766,1.4728287637497948,1.5971278866679606,5.458426966292135,2.7469512195121935,1.8359536615639218,1.688487881981032,2.429175475687103,2.233503347146956,30.202142712755194,3.4761343547436665,7.301515151515155,1.601719595063098,1.6087164750957856,1.2448221682616762,2.3282457879088203,1.7296165001611348,0.9858934169278993,3.0684016177246347,2.717667844522969,5.3939482106488255,3.4768307092900717,6.0224719101123565,1.226860752540512,1.4381413911060432,0.9502060035314885
2018-12-31,7.64390243902439,2.408695652173913,2.719294927563642,3.9925947023639976,6.3199212155317985,5.412192393736016,20.930995792426373,14.771929824561404,0.6461741424802107,2.4302489431658065,2.269970910718281,0.026262882672488202,3.50077519379845,3.1199383951948247,9.427205984208339,1.7859809207797597,1.8448569482288821,3.4829400510204085,4.892602328201276,4.662513591881118,4.6968263738651075,6.111270125223613,2.201369216241737,1.981325821886093,2.2609941792782293,1.5472007880479397,2.234814671065399,8.411685393258427,3.1680416068866557,1.8721555647496892,2.0017123287671224,3.5528541226215635,2.761396238444374,53.833474833232245,4.338243959929289,6.6938636363636395,1.5251698793509916,2.0773467432950192,1.3065276389087266,1.3177403369672942,2.6935223976796654,0.7428160919540227,3.9090909090909087,3.323321554770319,7.199595577538557,4.383802254654617,8.421829855537716,1.5355671518813527,1.7618776130748763,0.7996468510888753
2019-03-31,7.64390243902439,2.408695652173913,2.719294927563642,3.9925947023639976,6.3199212155317985,5.412192393736016,20.930995792426373,14.771929824561404,0.6461741424802107,2.4302489431658065,2.269970910718281,0.026262882672488202,3.50077519379845,3.1199383951948247,9.427205984208339,1.7859809207797597,1.8448569482288821,3.4829400510204085,4.892602328201276,4.662513591881118,4.6968263738651075,6.111270125223613,2.201369216241737,1.981325821886093,2.2609941792782293,1.5472007880479397,2.234814671065399,8.411685393258427,3.1680416068866557,1.8721555647496892,2.0017123287671224,3.5528541226215635,2.761396238444374,53.833474833232245,4.338243959929289,6.6938636363636395,1.5251698793509916,2.0773467432950192,1.3065276389087266,1.3177403369672942,2.6935223976796654,0.7428160919540227,3.9090909090909087,3.323321554770319,7.199595577538557,4.383802254654617,8.421829855537716,1.5355671518813527,1.7618776130748763,0.7996468510888753
2019-06-30,7.64390243902439,2.408695652173913,2.719294927563642,3.9925947023639976,6.3199212155317985,5.412192393736016,20.930995792426373,14.771929824561404,0.6461741424802107,2.4302489431658065,2.269970910718281,0.026262882672488202,3.50077519379845,3.1199383951948247,9.427205984208339,1.7859809207797597,1.8448569482288821,3.4829400510204085,4.892602328201276,4.662513591881118,4.6968263738651075,6.111270125223613,2.201369216241737,1.981325821886093,2.2609941792782293,1.5472007880479397,2.234814671065399,8.411685393258427,3.1680416068866557,1.8721555647496892,2.0017123287671224,3.5528541226215635,2.761396238444374,53.833474833232245,4.338243959929289,6.6938636363636395,1.5251698793509916,2.0773467432950192,1.3065276389087266,1.3177403369672942,2.6935223976796654,0.7428160919540227,3.9090909090909087,3.323321554770319,7.199595577538557,4.383802254654617,8.421829855537716,1.5355671518813527,1.7618776130748763,0.7996468510888753
2019-09-30,10.925853658536585,1.9955204216073783,3.164504293225404,5.477356878382225,7.7751828925154784,5.411353467561519,24.349509116409543,16.14502923976608,0.7696569920844323,2.381399718177549,2.269970910718281,0.035076407574757586,4.660465116279071,4.437548128754043,10.277046682365977,2.0493571132310247,2.01992506811989,4.1549744897959195,6.686819376642883,5.521158028271115,5.526916079041939,8.299821109123434,2.432955618508026,1.9973761382929458,2.739930151338765,1.7872270563125927,2.169221812536387,12.19056179775281,3.8506079626972722,2.246479106330161,2.217597471022128,4.898872445384072,3.7131016895122735,54.09945421467554,5.533294048320569,8.791414141414144,1.9019553459991678,1.7205459770114944,1.776317668904441,1.504459861248761,3.3399935546245576,0.987983281086729,5.121681026903463,4.5667844522968215,6.323537969159156,5.172612014179415,11.094060995184584,1.657237022795937,2.2559863169897376,0.8310771041789282
2019-12-31,14.310731707317075,2.33201581027668,3.2847902560804934,5.995442893762458,9.278559369724258,6.7376957494407135,25.91360448807855,18.480701754385965,0.9287598944591023,3.012677313292626,2.269970910718281,0.04055947606234452,4.645994832041345,4.5264130602186965,11.265410721706607,1.9888013272501042,2.0514305177111702,4.609375000000001,7.7014645137063455,6.056179775280901,6.05632145411096,7.811806797853309,2.824362606232294,2.2506559654267626,3.245634458672874,1.816778854046955,2.549582767320008,13.414382022471914,3.542862266857961,2.3458833264377326,2.395152792413066,5.549330514446792,3.857507172457763,65.3992318576915,5.969946965232767,11.88636363636364,1.894605463874636,1.8754789272030652,1.7836023425224958,1.6856293359762138,3.4872703834998395,1.0206374085684427,5.709864603481624,4.533215547703181,8.550480069828346,5.770766135470891,12.064205457463878,1.6855259544081314,2.2575066514633217,0.821188934667451
2020-03-31,12.40487804878049,2.005533596837945,2.9863448954117335,4.65081173454856,8.958638154192462,5.669183445190154,27.346283309957933,13.865497076023392,0.559894459102902,2.6186002818224523,2.269970910718281,0.021368736355790226,3.5545219638242904,4.39134452487294,9.958442997645102,1.6291995022812114,1.2341621253405988,3.080038265306123,6.26323695080736,5.262776368249367,5.25897730667222,6.680143112701251,2.5557129367327662,2.0225343417194006,2.0982537834691493,1.452635035297981,2.6881428294197556,10.855730337078654,2.962876614060257,1.8717418287132808,2.028977871443624,5.554615926708948,3.837743066624164,75.87628865979379,4.875662934590456,13.31363636363637,1.665372347801969,1.564176245210728,1.5722039708613045,1.446184340931615,3.087979374798582,0.7614942528735629,4.979250923158079,3.5307420494699655,7.253709630491714,4.496215629291348,10.335152487961471,1.4756934907992325,2.158114785252755,0.44696880517951704
